Section Summaries,KEY:,, = missing sample,RED, = very low sample,, = need to fill in,, = coarsest sample,,,,,,,,,Percentiles,,,% Volume below threshold ,,,,,,,,% Volume,,
Exp,Site,Hole ,Core,Type,Section,Recovered length (m),Curated length (m),Depth,Bottom depth CSF-A (m),Top depth CSF-B (m),Bottom depth CSF-B (m),Sample,Mean:,Median (µm),Mode (µm),SD (µm),d10 (µm),d50 (µm),d90 (µm),4,6,10,32,63,125,250,500,% Clay,% Silt,% Sand,
363,U1485,A,1,H,1,1.5,1.5,0,1.5,0,1.484,85A_1_1-0_7374_01.$ls,3.48,3.83,4,2.78,0.825,3.83,13.4,51.6406,67.1395,82.8171,100,100,100,100,100,51.6406,48.3594,0,
363,U1485,A,1,H,2,1.5,1.5,1.5,3,1.484,2.968,85A_1_2-0_7375_01.$ls,3.62,3.9,4,2.86,0.83,3.9,15,50.8812,65.8617,80.4583,100,100,100,100,100,50.8812,49.1188,0,
363,U1485,A,1,H,3,1.5,1.5,3,4.5,2.968,4.452,85A_1_3-0_7376_01.$ls,3.57,3.74,4,2.91,0.813,3.74,15.5,52.4457,66.8982,79.5774,100,100,100,100,100,52.4457,47.5543,0,
363,U1485,A,1,H,4,1.5,1.5,4.5,6,4.452,5.936,85A_1_4-0_7378_01.$ls,3.16,3.47,4,2.65,0.798,3.47,11.1,55.3282,70.4292,86.5881,100,100,100,100,100,55.3282,44.6718,0,
363,U1485,A,1,H,5,1.34,1.34,6,7.34,5.936,7.262,85A_1_5-0_7379_01.$ls,3.62,3.77,18,3,0.794,3.77,16.4,52.0161,65.3622,77.8945,100,100,100,100,100,52.0161,47.9839,0,
363,U1485,A,1,H,CC,0.24,0.24,7.34,7.58,7.262,7.5,85A_1_CC-0_7380_01.$ls,3.16,3.47,4,2.65,0.795,3.47,11.1,55.3083,70.3912,86.5453,100,100,100,100,100,55.3083,44.6917,0,
363,U1485,A,2,H,1,1.5,1.5,7.5,9,7.5,8.945,85A_2_1-0_7381_01.$ls,3.23,3.56,5,2.74,0.777,3.56,12.1,54.2182,69.3214,85.1132,100,100,100,100,100,54.2182,45.7818,0,
363,U1485,A,2,H,2,1.5,1.5,9,10.5,8.945,10.39,85A_2_2-0_7382_01.$ls,3.93,4.18,18,3.06,0.821,4.18,17,48.5656,61.5475,74.6328,100,100,100,100,100,48.5656,51.4344,0,
363,U1485,A,2,H,3,1.5,1.5,10.5,12,10.39,11.836,85A_2_3-0_7383_01.$ls,3.4,3.81,12,2.76,0.803,3.81,11.9,51.6626,65.6463,82.7697,100,100,100,100,100,51.6626,48.3374,0,
363,U1485,A,2,H,4,1.5,1.5,12,13.5,11.836,13.281,85A_2_4-0_7370_01.$ls,3.97,4.29,18,3.11,0.811,4.29,17.1,47.7516,60.5826,73.9411,100,100,100,100,100,47.7516,52.2484,0,
363,U1485,A,2,H,5,1.5,1.5,13.5,15,13.281,14.726,85A_2_5-0_7385_01.$ls,4.29,4.59,18,3.12,0.87,4.59,18.2,45.6852,58.1572,71.3945,99.981,100,100,100,100,45.6852,54.3148,0,
363,U1485,A,2,H,6,1.52,1.52,15,16.52,14.726,16.191,85A_2_6-0_7386_01.$ls,3.92,4.12,18,3.03,0.827,4.2,16.8,48.3696,61.733,75.2425,100,100,100,100,100,48.3696,51.6304,0,
363,U1485,A,2,H,7,0.64,0.64,16.52,17.16,16.191,16.807,85A_2_7-0_7387_01.$ls,3.39,3.7,4,2.86,0.777,3.7,13.8,52.7997,67.2897,81.9765,100,100,100,100,100,52.7997,47.2003,0,
363,U1485,A,3,H,1,1.5,1.5,17,18.5,17,18.4,85A_3_1-0_7426_01.$ls,4.51,4.98,18,3.28,0.845,4.95,19.6,43.7005,55.6306,68.4901,99.9493,100,100,100,100,43.7005,56.2995,0,
363,U1485,A,2,H,CC,0.2,0.2,17.16,17.36,16.807,17,85A_2_CC-0_7388_01.$ls,3.93,4.18,16,3.07,0.818,4.18,17,48.5394,61.4978,74.582,100,100,100,100,100,48.5394,51.4606,0,
363,U1485,A,3,H,2,1.5,1.5,18.5,20,18.4,19.8,85A_3_2-0_7427_01.$ls,3.49,3.67,12,2.78,0.819,3.97,12.1,50.2668,64.1316,81.7169,100,100,100,100,100,50.2668,49.7332,0,
363,U1485,A,3,H,3,1.5,1.5,20,21.5,19.8,21.199,85A_3_3-0_7428_01.$ls,4.26,4.72,18,3.09,0.858,4.72,17.4,44.7922,57.5774,71.6016,100,100,100,100,100,44.7922,55.2078,0,
363,U1485,A,3,H,4,1.5,1.5,21.5,23,21.199,22.599,85A_3_4-0_7429_01.$ls,3.55,3.93,15,2.91,0.787,3.93,14.3,50.5684,64.6946,80.0659,100,100,100,100,100,50.5684,49.4316,0,
363,U1485,A,3,H,5,1.5,1.5,23,24.5,22.599,23.999,85A_3_5-0_7430_01.$ls,3.27,3.6,12,2.71,0.798,3.6,11.7,53.8185,68.0008,84.2816,100,100,100,100,100,53.8185,46.1815,0,
363,U1485,A,3,H,6,1.5,1.5,24.5,26,23.999,25.399,85A_3_6-0_7431_01.$ls,3.28,3.65,12,2.8,0.759,3.65,11.9,53.1007,66.6576,82.9754,100,100,100,100,100,53.1007,46.8993,0,
363,U1485,A,3,H,7,0.89,0.89,26,26.89,25.399,26.229,85A_3_7-0_7432_01.$ls,2.95,3.17,6,2.66,0.695,3.17,10.9,57.2637,72.9599,88.3018,100,100,100,100,100,57.2637,42.7363,0,
363,U1485,A,4,H,1,0.6,0.6,26.5,27.1,26.5,27.064,85A_4_1-0_7435_01.$ls,3.27,3.55,5,2.85,0.753,3.55,13.5,54.1785,68.5764,83.2051,100,100,100,100,100,54.1785,45.8215,0,
363,U1485,A,3,H,CC,0.29,0.29,26.89,27.18,26.229,26.5,85A_3_CC-0_7433_01.$ls,11,13.05,73,5.1,1.1,13,75.9,30.0734,37.8967,45.9804,63.5278,80.8301,100,100,100,30.0734,50.7567,19.1699,
363,U1485,A,4,H,2,1.5,1.5,27.1,28.6,27.064,28.473,85A_4_2-0_7436_01.$ls,3.47,3.97,12,2.73,0.827,3.97,11.8,50.2878,65.0656,83.2668,100,100,100,100,100,50.2878,49.7122,0,
363,U1485,A,4,H,3,1.39,1.39,28.6,29.99,28.473,29.78,85A_4_3-0_7437_01.$ls,3.41,3.75,15,2.87,0.773,3.75,13.9,52.1967,66.585,81.8628,100,100,100,100,100,52.1967,47.8033,0,
363,U1485,A,4,H,4,1.18,1.18,29.99,31.17,29.78,30.888,85A_4_4-0_7438_01.$ls,3.34,3.78,12,2.78,0.774,3.78,11.8,51.9119,65.993,83.3094,100,100,100,100,100,51.9119,48.0881,0,
363,U1485,A,4,H,5,1.5,1.5,31.17,32.67,30.888,32.298,85A_4_5-0_7439_01.$ls,4.34,4.78,18,3.21,0.836,4.78,18.6,44.5903,56.8191,70.0834,100,100,100,100,100,44.5903,55.4097,0,
363,U1485,A,4,H,6,1.3,1.3,32.67,33.97,32.298,33.52,85A_4_6-0_7502_01.$ls,3.07,3.5,5,2.79,0.718,3.4,11.7,55.8848,70.6988,86.0763,100,100,100,100,100,55.8848,44.1152,0,
363,U1485,A,4,H,8,0.76,0.76,35.47,36.23,34.929,35.643,85A_4_8-0_7503_01.$ls,3.77,4.08,16,3.06,0.796,3.96,16.8,50.3245,63.5678,76.1776,100,100,100,100,100,50.3245,49.6755,0,
363,U1485,A,5,H,1,1.5,1.5,36,37.5,36,37.419,85A_5_1-0_7505_01.$ls,4.64,4.39,18,3.44,1.46,5.14,18.4,41.2355,55.0378,68.6947,99.9693,100,100,100,100,41.2355,58.7645,0,
363,U1485,A,4,H,CC,0.38,0.38,36.23,36.61,35.643,36,85A_4_CC-0_7504_01.$ls,3.15,3.56,5,2.76,0.754,3.46,11.9,55.2282,69.9048,85.4184,100,100,100,100,100,55.2282,44.7718,0,
363,U1485,A,5,H,2,1.49,1.49,37.5,38.99,37.419,38.829,85A_5_2-0_7506_01.$ls,3.68,4.08,16,2.96,0.802,3.97,15.7,50.2888,64.2544,78.2082,100,100,100,100,100,50.2888,49.7112,0,
363,U1485,A,5,H,3,1.5,1.5,38.99,40.49,38.829,40.248,85A_5_3-0_7508_01.$ls,6.25,6.19,50,4.18,0.909,5.99,46,39.6852,50.0459,60.2365,82.0289,98.6203,100,100,100,39.6852,58.9351,1.3797,
363,U1485,A,5,H,4,1.43,1.43,40.49,41.92,40.248,41.602,85A_5_4-0_7509_01.$ls,6.04,6.86,18,3.72,0.949,6.61,32.4,37.884,47.7792,58.1334,89.6404,100,100,100,100,37.884,62.116,0,
363,U1485,A,5,H,5,1.27,1.27,41.92,43.19,41.602,42.803,85A_5_5-0_7512_01.$ls,22.3,46.7,88,5.07,1.79,45.7,103,18.6363,23.5375,29.0169,42.6684,60.9957,97.9822,100,100,18.6363,42.3594,39.0043,
363,U1485,A,5,H,6,1.5,1.5,43.19,44.69,42.803,44.222,85A_5_6-0_7513_01.$ls,4.52,5.01,18,3.24,0.867,4.87,19.8,44.0201,56.217,69.0362,99.7684,100,100,100,100,44.0201,55.9799,0,
363,U1485,A,5,H,7,0.93,0.93,44.69,45.62,44.222,45.102,85A_5_7-0_7514_01.$ls,3.61,4.14,16,2.93,0.729,4.06,15.1,49.5819,63.955,79.313,100,100,100,100,100,49.5819,50.4181,0,
363,U1485,A,6,H,1,0.54,0.54,45.5,46.04,45.5,45.999,85A_6_1-0_7516_01.$ls,3.94,4.3,18,3.11,0.809,4.17,17.4,48.6743,61.3893,74.1052,100,100,100,100,100,48.6743,51.3257,0,
363,U1485,A,5,H,CC,0.42,0.42,45.62,46.04,45.102,45.5,85A_5_CC-0_7515_01.$ls,4.03,4.41,18,3.14,0.814,4.27,17.8,47.9416,60.3169,73.0527,99.9973,100,100,100,100,47.9416,52.0584,0,
363,U1485,A,6,H,2,1.36,1.36,46.04,47.4,45.999,47.258,85A_6_2-0_7517_01.$ls,3.94,4.33,18,3.14,0.794,4.19,17.5,48.5673,61.0019,73.5649,100,100,100,100,100,48.5673,51.4327,0,
363,U1485,A,6,H,3,1.43,1.43,47.4,48.83,47.258,48.58,85A_6_3-0_7519_01.$ls,4.06,4.55,18,3.19,0.793,4.39,17.8,47.1404,59.5476,72.3624,100,100,100,100,100,47.1404,52.8596,0,
363,U1485,A,6,H,4,1.12,1.12,48.83,49.95,48.58,49.616,85A_6_4-0_7520_01.$ls,4.07,4.31,16,3.33,0.784,4.17,18.6,48.7304,61.1004,72.7768,96.3929,100,100,100,100,48.7304,51.2696,0,
363,U1485,A,6,H,5,1.23,1.23,49.95,51.18,49.616,50.754,85A_6_5-0_7521_01.$ls,3.83,4.18,16,3.13,0.783,4.05,17.2,49.5808,62.0527,74.5442,100,100,100,100,100,49.5808,50.4192,0,
363,U1485,A,6,H,6,1.48,1.48,51.18,52.66,50.754,52.123,85A_6_6-0_7523_01.$ls,3.96,4.12,16,3.3,0.765,4.11,18.3,49.2182,61.2116,72.9039,98.2807,100,100,100,100,49.2182,50.7818,0,
363,U1485,A,6,H,7,1.5,1.5,52.66,54.16,52.123,53.511,85A_6_7-0_7524_01.$ls,3.93,4.15,18,3.09,0.815,4.15,17.3,48.7882,61.5267,74.3056,100,100,100,100,100,48.7882,51.2118,0,
363,U1485,A,6,H,8,1.21,1.21,54.16,55.37,53.511,54.63,85A_6_8-0_7525_01.$ls,3.59,3.77,16,3.07,0.761,3.77,16.3,52.0161,65.3407,77.3763,100,100,100,100,100,52.0161,47.9839,0,
363,U1485,A,7,H,1,1.5,1.5,55,56.5,55,56.416,85A_7_1-0_7616_01.$ls,4.03,4.14,18,2.84,0.933,4.13,16.9,48.8719,62.459,75.6473,100,100,100,100,100,48.8719,51.1281,0,
363,U1485,A,6,H,CC,0.4,0.4,55.37,55.77,54.63,55,85A_6_CC-0_7526_01.$ls,4.6,5.04,16,2.93,1.02,5.04,17.6,41.7501,56.154,71.8848,99.9973,100,100,100,100,41.7501,58.2499,0,
363,U1485,A,7,H,2,1.45,1.45,56.5,57.95,56.416,57.786,85A_7_2-0_7617_01.$ls,4.31,4.4,18,2.93,0.953,4.4,18.2,46.8837,59.9879,72.8717,99.9332,100,100,100,100,46.8837,53.1163,0,
363,U1485,A,7,H,3,1.3,1.3,57.95,59.25,57.786,59.013,85A_7_3-0_7618_01.$ls,4.29,4.38,16,2.86,0.979,4.38,17.7,46.9226,60.5518,73.6996,99.9899,100,100,100,100,46.9226,53.0774,0,
363,U1485,A,7,H,4,1.45,1.45,59.25,60.7,59.013,60.383,85A_7_4-0_7619_01.$ls,3.39,3.5,4,2.68,0.857,3.5,13.7,54.6568,68.9221,82.7492,100,100,100,100,100,54.6568,45.3432,0,
363,U1485,A,7,H,5,1.39,1.39,60.7,62.09,60.383,61.695,85A_7_5-0_7620_01.$ls,4.15,4.29,18,2.91,0.915,4.29,17.3,47.7659,60.6023,73.275,100,100,100,100,100,47.7659,52.2341,0,
363,U1485,A,7,H,6,1.5,1.5,62.09,63.59,61.695,63.112,85A_7_6-0_7621_01.$ls,3.91,4.01,16,2.86,0.897,4.01,16.6,49.8832,63.2401,76.0559,100,100,100,100,100,49.8832,50.1168,0,
363,U1485,A,7,H,7,1.05,1.05,63.59,64.64,63.112,64.103,85A_7_7-0_7622_01.$ls,4.43,4.55,18,2.91,0.977,4.55,18.2,45.711,59.079,72.1086,99.9718,100,100,100,100,45.711,54.289,0,
363,U1485,A,8,H,1,0.46,0.46,64.5,64.96,64.5,64.913,85A_8_1-0_7624_01.$ls,4.17,4.32,16,2.79,0.973,4.32,16.7,47.2751,61.5011,75.5756,100,100,100,100,100,47.2751,52.7249,0,
363,U1485,A,7,H,CC,0.42,0.42,64.64,65.06,64.103,64.5,85A_7_CC-0_7623_01.$ls,4.02,4.1,18,2.87,0.917,4.1,17,49.1562,62.3992,75.1601,100,100,100,100,100,49.1562,50.8438,0,
363,U1485,A,8,H,2,1.41,1.41,64.96,66.37,64.913,66.181,85A_8_2-0_7625_01.$ls,6.86,8.35,20,3.28,1.16,8.34,28.2,33.222,42.699,53.8444,94.1691,100,100,100,100,33.222,66.778,0,
363,U1485,A,8,H,3,1.41,1.41,66.37,67.78,66.181,67.448,85A_8_3-0_7627_01.$ls,3.94,4.02,18,2.84,0.921,4.02,16.7,49.8286,63.3869,76.7094,100,100,100,100,100,49.8286,50.1714,0,
363,U1485,A,8,H,4,1.32,1.32,67.78,69.1,67.448,68.634,85A_8_4-0_7628_01.$ls,3.94,4.05,16,2.82,0.919,4.05,16.5,49.5832,63.6697,76.937,100,100,100,100,100,49.5832,50.4168,0,
363,U1485,A,8,H,5,1.52,1.52,69.1,70.62,68.634,70.001,85A_8_5-0_7629_01.$ls,3.71,3.75,16,2.82,0.883,3.75,15.9,52.2136,65.7143,78.235,100,100,100,100,100,52.2136,47.7864,0,
363,U1485,A,8,H,6,1.42,1.42,70.62,72.04,70.001,71.277,85A_8_6-0_7630_01.$ls,4.72,4.79,18,3.14,0.944,4.79,20.6,44.6449,56.5411,68.4028,98.4875,100,100,100,100,44.6449,55.3551,0,
363,U1485,A,8,H,7,1.53,1.53,72.04,73.57,71.277,72.652,85A_8_7-0_7631_01.$ls,3.95,3.99,18,2.91,0.895,3.99,17.3,50.0494,63.1737,75.4871,99.9986,100,100,100,100,50.0494,49.9506,0,
363,U1485,A,8,H,8,1.21,1.21,73.57,74.78,72.652,73.74,85A_8_8-0_7632_01.$ls,4.27,4.33,18,2.98,0.924,4.33,18.5,47.5686,59.8495,72.2033,99.9947,100,100,100,100,47.5686,52.4314,0,
363,U1485,A,9,H,1,0.36,0.36,74,74.36,74,74.324,85A_9_1-0_7634_01.$ls,3.51,3.88,12,2.53,0.905,3.88,11.5,51.0696,66.0195,84.5803,100,100,100,100,100,51.0696,48.9304,0,
363,U1485,A,9,H,2,1.4,1.4,74.36,75.76,74.324,75.586,85A_9_2-0_7636_01.$ls,2.95,3.3,4,2.73,0.721,3.19,11.2,58.0557,72.1089,86.7356,100,100,100,100,100,58.0557,41.9443,0,
363,U1485,A,8,H,CC,0.29,0.29,74.78,75.07,73.74,74,85A_8_CC-0_7633_01.$ls,4.71,4.94,18,2.98,0.991,4.94,19.2,43.5682,55.8715,69.0884,99.936,100,100,100,100,43.5682,56.4318,0,
363,U1485,A,9,H,3,1.41,1.41,75.76,77.17,75.586,76.857,85A_9_3-0_7637_01.$ls,3.66,3.82,16,3.06,0.781,3.82,16.5,51.4411,64.0706,76.4866,100,100,100,100,100,51.4411,48.5589,0,
363,U1485,A,9,H,4,1.41,1.41,77.17,78.58,76.857,78.128,85A_9_4-0_7638_01.$ls,3.31,3.48,16,2.98,0.734,3.48,15.3,54.6615,68.1945,80.8939,100,100,100,100,100,54.6615,45.3385,0,
363,U1485,A,9,H,5,1.47,1.47,78.58,80.05,78.128,79.453,85A_9_5-0_7728_01.$ls,3.34,3.45,4,3.04,0.726,3.45,15.7,54.9506,68.0398,79.7162,100,100,100,100,100,54.9506,45.0494,0,
363,U1485,A,9,H,6,1.5,1.48,80.05,81.53,79.453,80.787,85A_9_6-0_7729_01.$ls,2.86,3.05,4,2.7,0.721,3.05,10.9,60.0473,74.7493,88.313,100,100,100,100,100,60.0473,39.9527,0,
363,U1485,A,9,H,7,1.31,1.31,81.53,82.84,80.787,81.967,85A_9_7-0_7730_01.$ls,4.56,5.17,15,2.71,1.09,5.17,15.5,41.2028,55.4492,72.9091,100,100,100,100,100,41.2028,58.7972,0,
363,U1485,A,9,H,8,1.29,1.29,82.84,84.13,81.967,83.13,85A_9_8-0_7732_01.$ls,2.95,3.14,4,2.7,0.739,3.14,11.1,58.5731,72.3497,86.8948,100,100,100,100,100,58.5731,41.4269,0,
363,U1485,A,10,H,1,0.12,0.12,83.5,83.62,83.5,83.611,85A_10_1-0_7735_01.$ls,4.39,4.76,18,2.97,0.936,4.76,17.3,44.3916,57.5121,71.4256,100,100,100,100,100,44.3916,55.6084,0,
363,U1485,A,10,H,2,1.4,1.4,83.62,85.02,83.611,84.911,85A_10_2-0_7736_01.$ls,4.21,4.46,18,3.3,0.796,4.46,19.5,46.9311,58.3401,70.2665,99.8493,100,100,100,100,46.9311,53.0689,0,
363,U1485,A,9,H,CC,0.41,0.41,84.13,84.54,83.13,83.5,85A_9_CC-0_7734_01.$ls,3.54,3.68,16,3.09,0.748,3.68,16.4,52.7051,65.5945,77.2021,100,100,100,100,100,52.7051,47.2949,0,
363,U1485,A,10,H,3,1.36,1.36,85.02,86.38,84.911,86.174,85A_10_3-0_7737_01.$ls,3.17,3.51,12,2.79,0.74,3.51,11.6,54.3361,67.8711,84.4068,100,100,100,100,100,54.3361,45.6639,0,
363,U1485,A,10,H,4,1.4,1.4,86.38,87.78,86.174,87.474,85A_10_4-0_7738_01.$ls,3.04,3.34,12,2.76,0.725,3.34,11.4,56.175,70.0071,85.7066,100,100,100,100,100,56.175,43.825,0,
363,U1485,A,10,H,5,1.4,1.4,87.78,89.18,87.474,88.774,85A_10_5-0_7739_01.$ls,3.34,3.7,5,2.91,0.74,3.7,13.8,52.7488,67.1932,82.2951,100,100,100,100,100,52.7488,47.2512,0,
363,U1485,A,10,H,6,1.43,1.43,89.18,90.61,88.774,90.102,85A_10_6-0_7740_01.$ls,3.32,3.68,12,2.72,0.807,3.68,11.7,52.8962,66.7174,83.6594,100,100,100,100,100,52.8962,47.1038,0,
363,U1485,A,10,H,7,1.44,1.44,90.61,92.05,90.102,91.44,85A_10_7-0_7741_01.$ls,3.06,3.32,7,2.67,0.702,3.32,10.8,55.5404,70.2923,88.2755,100,100,100,100,100,55.5404,44.4596,0,
363,U1485,A,10,H,8,1.42,1.42,92.05,93.47,91.44,92.758,85A_10_8-0_7742_01.$ls,3.07,3.41,7,2.73,0.743,3.41,11,55.2991,69.2747,86.8852,100,100,100,100,100,55.2991,44.7009,0,
363,U1485,A,11,H,1,1.4,1.4,93,94.4,93,94.264,85A_11_1-0_7745_01.$ls,6.28,6.68,42,3.9,0.943,6.68,38.2,37.5584,47.4383,58.6287,85.2746,99.9965,100,100,100,37.5584,62.4381,0.0035,
363,U1485,A,10,H,CC,0.26,0.26,93.47,93.73,92.758,93,85A_10_CC-0_7743_01.$ls,4.35,4.72,18,3.18,0.85,4.72,18.8,45.0466,57.1043,70.2065,99.9946,100,100,100,100,45.0466,54.9534,0,
363,U1485,A,11,H,2,1.4,1.4,94.4,95.8,94.264,95.528,85A_11_2-0_7746_01.$ls,3,3.13,6,2.75,0.676,3.13,12,56.7763,71.1469,87.4757,100,100,100,100,100,56.7763,43.2237,0,
363,U1485,A,11,H,3,1.41,1.41,95.8,97.21,95.528,96.802,85A_11_3-0_7747_01.$ls,3.78,4.03,18,3.09,0.78,4.03,16.8,49.7892,62.4855,75.5345,100,100,100,100,100,49.7892,50.2108,0,
363,U1485,A,11,H,4,1.4,1.4,97.21,98.61,96.802,98.066,85A_11_4-0_7748_01.$ls,3.05,3.29,5,2.76,0.739,3.29,11.7,56.819,71.2025,86.2383,100,100,100,100,100,56.819,43.181,0,
363,U1485,A,11,H,5,1.38,1.38,98.61,99.99,98.066,99.312,85A_11_5-0_7749_01.$ls,3.06,3.3,12,2.72,0.75,3.3,11.3,56.6302,70.3214,85.895,100,100,100,100,100,56.6302,43.3698,0,
363,U1485,A,11,H,6,1.5,1.5,99.99,101.49,99.312,100.666,85A_11_6-0_7750_01.$ls,3.84,4.07,18,3.1,0.793,4.07,17.1,49.472,62.0171,74.864,100,100,100,100,100,49.472,50.528,0,
363,U1485,A,11,H,7,1.41,1.41,101.49,102.9,100.666,101.94,85A_11_7-0_7751_01.$ls,3.06,3.3,12,2.69,0.766,3.3,11.2,56.8189,70.8922,86.2803,100,100,100,100,100,56.8189,43.1811,0,
363,U1485,A,12,H,1,0.62,0.62,102.5,103.12,102.5,103.047,85A_12_1-0_7753_01.$ls,3.36,3.62,4,2.8,0.797,3.62,13.6,53.6154,68.3127,82.9915,100,100,100,100,100,53.6154,46.3846,0,
363,U1485,A,11,H,CC,0.62,0.62,102.9,103.52,101.94,102.5,85A_11_CC-0_7752_01.$ls,3.13,3.43,5,2.65,0.792,3.43,11.1,55.6871,70.7332,86.8453,100,100,100,100,100,55.6871,44.3129,0,
363,U1485,A,12,H,2,1.46,1.46,103.12,104.58,103.047,104.335,85A_12_2-0_7754_01.$ls,3.79,3.99,18,3.03,0.812,3.99,16.9,50.0842,63.3879,76.3837,100,100,100,100,100,50.0842,49.9158,0,
363,U1485,A,12,H,3,1.44,1.44,104.58,106.02,104.335,105.605,85A_12_3-0_7781_01.$ls,6.76,6.31,55,4.15,0.976,6.31,49.6,39.6113,48.9535,58.24,79.8832,96.738,100,100,100,39.6113,57.1267,3.262,
363,U1485,A,12,H,4,1.35,1.35,106.02,107.37,105.605,106.796,85A_12_4-0_7782_01.$ls,7.81,7.49,61,4.21,1.08,7.49,54.5,36.1982,45.5834,54.909,75.7484,95.3748,100,100,100,36.1982,59.1766,4.6252,
363,U1485,A,12,H,5,1.52,1.52,107.37,108.89,106.796,108.137,85A_12_5-0_7783_01.$ls,5.47,5.14,42,3.63,0.953,5.14,36,43.2702,53.9188,64.7886,87.5773,99.9972,100,100,100,43.2702,56.727,0.0028,
363,U1485,A,12,H,6,1.47,1.47,108.89,110.36,108.137,109.433,85A_12_6-0_7784_01.$ls,4.52,4.31,4,3.37,0.881,4.31,24.7,47.7868,59.4586,70.5447,92.4883,100,100,100,100,47.7868,52.2132,0,
363,U1485,A,12,H,7,1.5,1.5,110.36,111.86,109.433,110.756,85A_12_7-0_7785_01.$ls,3.29,3.49,5,2.59,0.856,3.49,12.1,54.9086,69.7308,85.1589,100,100,100,100,100,54.9086,45.0914,0,
363,U1485,A,12,H,8,1.05,1.05,111.86,112.91,110.756,111.683,85A_12_8-0_7786_01.$ls,8.52,8.38,61,4.27,1.13,8.38,58.7,34.0964,43.448,52.9973,73.4342,93.4251,100,100,100,34.0964,59.3287,6.5749,
363,U1485,A,13,H,1,1.33,1.33,112,113.33,112,113.272,85A_13_1-0_7788_01.$ls,3.9,3.95,18,2.87,0.901,3.95,16.8,50.3804,63.5097,76.0358,100,100,100,100,100,50.3804,49.6196,0,
363,U1485,A,12,H,CC,0.36,0.36,112.91,113.27,111.683,112,85A_12_cc-0_7787_01.$ls,3.84,3.97,16,2.82,0.899,3.97,16,50.2809,63.5628,76.936,100,100,100,100,100,50.2809,49.7191,0,
363,U1485,A,13,H,2,1.4,1.4,113.33,114.73,113.272,114.612,85A_13_2-0_7789_01.$ls,7.13,6.72,55,4.05,1.04,6.72,49.7,37.4247,47.4461,57.3438,79.0811,98.1139,100,100,100,37.4247,60.6892,1.8861,
363,U1485,A,13,H,3,1.41,1.41,114.73,116.14,114.612,115.961,85A_13_3-0_7790_01.$ls,4.09,4.09,16,2.92,0.926,4.09,17.4,49.225,62.8509,74.9975,98.6193,100,100,100,100,49.225,50.775,0,
363,U1485,A,13,H,4,1.33,1.33,116.14,117.47,115.961,117.233,85A_13_4-0_7792_01.$ls,4.06,6.41,15,3.03,0.889,4.02,17.8,49.8262,62.9168,74.3399,97.5872,100,100,100,100,49.8262,50.1738,0,
363,U1485,A,13,H,5,1.4,1.4,117.47,118.87,117.233,118.573,85A_13_5-0_7793_01.$ls,6.53,4.02,16,3.92,1.04,5.87,48.1,39.6639,50.5652,60.8407,81.801,98.2541,100,100,100,39.6639,58.5902,1.7459,
363,U1485,A,13,H,6,1.5,1.5,118.87,120.37,118.573,120.008,85A_13_6-0_7794_01.$ls,12.9,15.8,73,4.78,1.32,15.8,79.2,27.649,35.2205,42.67,59.2934,78.7469,99.9887,100,100,27.649,51.0979,21.2531,
363,U1485,A,13,H,7,1.24,1.24,120.37,121.61,120.008,121.194,85A_13_7-0_7795_01.$ls,6.89,6.49,50,3.98,1.04,6.49,48.1,38.1459,48.2231,58.3415,80.3233,98.3683,100,100,100,38.1459,60.2224,1.6317,
363,U1485,A,14,H,1,1.31,1.31,121.5,122.81,121.5,122.714,85A_14_1-0_7796_01.$ls,4.46,4.67,16,2.81,1.02,4.67,17.4,44.705,58.4776,72.935,99.9978,100,100,100,100,44.705,55.295,0,
363,U1485,A,14,H,2,1.38,1.38,122.81,124.19,122.714,123.993,85A_14_2-0_7797_01.$ls,4.1,4.16,16,2.81,0.965,4.16,17,48.628,62.5565,75.548,100,100,100,100,100,48.628,51.372,0,
363,U1485,A,14,H,3,1.35,1.35,124.19,125.54,123.993,125.244,85A_14_3-0_7798_01.$ls,6.72,6.23,4,3.76,1.12,6.26,45.9,37.5963,48.9096,60.4224,83.203,97.1367,100,100,100,37.5963,59.5404,2.8633,
363,U1485,A,14,H,4,1.4,1.4,125.54,126.94,125.244,126.542,85A_14_4-0_7799_01.$ls,3.89,3.91,18,2.84,0.917,3.91,16.8,50.756,64.205,76.6503,100,100,100,100,100,50.756,49.244,0,
363,U1485,A,14,H,5,1.38,1.38,126.94,128.32,126.542,127.821,85A_14_5-0_7800_01.$ls,5.33,5.02,4,3.51,0.97,5.02,34,43.4205,54.9424,66.1228,88.9339,99.9977,100,100,100,43.4205,56.5772,0.0023,
363,U1485,A,14,H,6,1.5,1.5,128.32,129.82,127.821,129.211,85A_14_6-0_7801_01.$ls,14.8,17.9,80,4.38,1.7,17.9,82.8,22.4193,29.9468,38.7817,59.0704,78.5424,99.8822,100,100,22.4193,56.1231,21.4576,
363,U1485,A,14,H,7,1.34,1.34,129.82,131.16,129.211,130.453,85A_14_7-0_7802_01.$ls,18.1,30.2,80,4.46,1.81,30.2,88.5,19.93,26.0478,33.3196,51.0219,72.5636,99.7736,100,100,19.93,52.6336,27.4364,
363,U1485,A,15,H,1,1.3,1.3,131,132.3,131,132.3,85A_15_1-0_7804_01.$ls,45.6,74.2,96,3.59,5.4,74.2,125,8.31774,10.616,13.6667,22.4282,40.0004,90.159,100,100,8.31774,31.68266,59.9996,
363,U1485,A,14,H,CC,0.59,0.59,131.16,131.75,130.453,131,85A_14_cc-0_7803_01.$ls,8.26,8.31,55,4.1,1.15,8.31,52.8,34.1248,43.5909,53.0789,75.2015,96.1047,100,100,100,34.1248,61.9799,3.8953,
363,U1485,A,15,H,2,1.18,1.18,132.3,133.48,132.3,133.48,85A_15_2-0_7805_01.$ls,32.5,57.7,80,3.92,3.23,57.7,105,11.6172,14.922,19.1217,31.5482,54.95,97.5565,100,100,11.6172,43.3328,45.05,
363,U1485,A,15,H,3,1.26,1.26,133.48,134.74,133.48,134.74,85A_15_3-0_7806_01.$ls,30,57.9,88,4.34,2.46,57.9,108,14.1546,17.8993,22.1503,33.6683,54.3548,96.3971,100,100,14.1546,40.2002,45.6452,
363,U1485,A,15,H,4,1.42,1.42,134.74,136.16,134.74,136.16,85A_15_4-0_7807_01.$ls,31.1,58,80,4.17,2.76,58,107,13.0568,16.6542,20.8993,32.8413,54.4445,96.5851,100,100,13.0568,41.3877,45.5555,
363,U1485,A,15,H,5,1.3,1.3,136.16,137.46,136.16,137.46,85A_15_5-0_7808_01.$ls,30.5,58.5,88,4.22,2.61,58.5,105,13.6873,17.4083,21.6871,32.8717,53.9134,97.6313,100,100,13.6873,40.2261,46.0866,
363,U1485,A,15,H,6,1.44,1.44,137.46,138.9,137.46,138.9,85A_15_6-0_7809_01.$ls,27.6,55.3,88,4.53,2.18,55.3,107,15.8318,20.0238,24.4675,35.9053,56.2991,96.5696,100,100,15.8318,40.4673,43.7009,
363,U1485,A,15,H,CC,0.14,0.14,138.9,139.04,138.9,139.04,85A_15_cc-0_7810_01.$ls,27.8,52.9,88,4.27,2.45,52.9,102,14.4021,18.4712,23.4318,36.4055,58.4537,97.9951,100,100,14.4021,44.0516,41.5463,
363,U1485,A,16,H,1,0.2,0.2,140.5,140.7,140.5,140.7,85A_16_1-0_7961_01.$ls,3.43,2.47,5,3.03,0.76,3.48,16.2,54.636,67.4848,79.0217,99.9998,100,100,100,100,54.636,45.364,0,
363,U1485,A,16,H,2,1.41,1.41,140.7,142.11,140.7,142.11,85A_16_2-0_7963_01.$ls,2.96,3.19,4,2.64,0.76,3.19,10.6,58.5425,73.4058,88.3123,100,100,100,100,100,58.5425,41.4575,0,
363,U1485,A,16,H,3,1.35,1.35,142.11,143.46,142.11,143.46,85A_16_3-0_7964_01.$ls,4.71,4.62,4,3.6,0.839,4.62,30.5,45.7039,57.4387,68.6834,90.8573,100,100,100,100,45.7039,54.2961,0,
363,U1485,A,16,H,4,1.39,1.39,143.46,144.85,143.46,144.85,85A_16_4-0_7965_01.$ls,8.59,9.08,66,4.33,1.16,9.08,61.8,32.677,41.8534,51.6506,75.67,90.5474,100,100,100,32.677,57.8704,9.4526,
363,U1485,A,16,H,5,1.45,1.45,144.85,146.3,144.85,147.52,85A_16_5-0_7967_01.$ls,4.55,4.39,4,3.64,0.813,4.39,28.4,47.2312,58.899,69.6657,91.4799,99.9984,100,100,100,47.2312,52.7672,0.0016,
363,U1485,A,16,H,6,1.22,1.22,146.3,147.52,146.3,148.17,85A_16_6-0_7968_01.$ls,49.4,88.6,106,4.39,4.44,88.6,161,9.3373,12.1397,15.1737,22.745,33.1851,76.3833,100,100,9.3373,23.8478,66.8149,
363,U1485,A,16,H,7,0.65,0.65,147.52,148.17,147.52,148.77,85A_16_7-0_7969_01.$ls,25.2,52.4,97,5.13,1.94,52.4,114,17.3704,21.8511,26.6947,39.6361,56.5961,94.3402,100,100,17.3704,39.2257,43.4039,
363,U1485,A,16,H,8,0.6,0.6,148.17,148.77,148.17,148.83,85A_16_8-0_7970_01.$ls,38.1,67.2,88,4.15,3.88,67.2,119,10.192,12.902,16.4872,26.9965,46.31,92.36,100,100,10.192,36.118,53.69,
363,U1485,A,16,H,CC,0.06,0.06,148.77,148.83,148.77,151.44,85A_16_cc-0_7971_01.$ls,23.7,50.9,88,5.15,1.78,50.9,107,18.2753,22.7817,27.679,40.2427,58.0774,97.0026,100,100,18.2753,39.8021,41.9226,
363,U1485,A,17,H,1,1.44,1.44,150,151.44,150,152.55,85A_17_1-0_7971_01.$ls,28.9,63.4,91,5.26,2.1,63.9,127,16.3797,20.7167,25.3906,35.9216,49.4568,89.413,100,100,16.3797,33.0771,50.5432,
363,U1485,A,17,H,2,1.11,1.11,151.44,152.55,151.44,153.91,85A_17_2-0_7972_01.$ls,33.9,63.5,88,4.44,2.96,63.5,120,11.9624,15.4778,19.2787,30.6794,49.6408,92.0689,100,100,11.9624,37.6784,50.3592,
363,U1485,A,17,H,3,1.36,1.36,152.55,153.91,152.55,155.41,85A_17_3-0_7973_01.$ls,52.8,80.3,96,3.53,8.93,80.3,130,6.55599,8.34386,10.3912,16.8121,32.8718,87.8932,100,100,6.55599,26.31581,67.1282,
363,U1485,A,17,H,4,1.5,1.5,153.91,155.41,153.91,156.78,85A_17_4-0_7974_01.$ls,26.8,58.5,88,4.98,2.03,58.5,109,16.6194,20.8543,25.6127,36.9224,53.1006,96.5788,100,100,16.6194,36.4812,46.8994,
363,U1485,A,17,H,5,1.37,1.37,155.41,156.78,155.41,156.95,85A_17_5-0_7975_01.$ls,51.3,80.4,88,3.71,6.8,80.4,131,7.4248,9.38468,11.4935,17.6398,32.8992,87.409,100,100,7.4248,25.4744,67.1008,
363,U1485,A,17,H,CC,0.17,0.17,156.78,156.95,156.78,160.81,85A_17_cc-0_7976_01.$ls,39.6,70.7,88,4.18,3.95,70.7,122,10.078,13.098,16.3427,25.4042,43.0863,91.3642,100,100,10.078,33.0083,56.9137,
363,U1485,A,18,H,1,1.31,1.31,159.5,160.81,159.5,162.01,85A_18_1-0_7977_01.$ls,26.2,50.5,96,4.8,2.19,50.5,112,15.6134,19.8216,24.9974,39.4552,58.1478,94.8871,100,100,15.6134,42.5344,41.8522,
363,U1485,A,18,H,2,1.2,1.2,160.81,162.01,160.81,163.22,85A_18_2-0_7978_01.$ls,26.7,59.2,96,5.08,1.99,59.2,111,16.7601,21.0145,25.8345,37.1114,52.4311,96.166,100,100,16.7601,35.671,47.5689,
363,U1485,A,18,H,3,1.21,1.21,162.01,163.22,162.01,164.69,85A_18_3-0_7979_01.$ls,17.4,29.6,88,5.36,1.5,29.6,101,22.6742,28.9275,35.6639,50.9089,67.0103,97.7872,100,100,22.6742,44.3361,32.9897,
363,U1485,A,18,H,4,1.47,1.47,163.22,164.69,163.22,166.19,85A_18_4-0_7980_01.$ls,8.41,8.15,73,4.94,0.985,8.15,69.7,35.6808,44.5529,53.0342,71.4314,86.7259,99.9959,100,100,35.6808,51.0451,13.2741,
363,U1485,A,18,H,5,1.5,1.5,164.69,166.19,164.69,167.68,85A_18_5-0_7981_01.$ls,6.32,6.23,46,4.09,0.935,6.23,43.7,38.9348,49.1076,59.5146,82.189,99.6026,100,100,100,38.9348,60.6678,0.3974,
363,U1485,A,18,H,6,1.49,1.49,166.19,167.68,166.19,168.52,85A_18_6-0_7982_01.$ls,10.7,12.5,73,4.91,1.18,12.4,74.3,29.8101,38.0221,46.3951,65.3468,83.5118,99.9925,100,100,29.8101,53.7017,16.4882,
363,U1485,A,18,H,7,0.84,0.84,167.68,168.52,167.68,168.75,85A_18_7-0_7983_01.$ls,11.1,13.6,73,4.89,1.2,13.6,74.9,28.7235,36.4223,44.5552,64.8782,83.3223,99.991,100,100,28.7235,54.5988,16.6777,
363,U1485,A,18,H,CC,0.23,0.23,168.52,168.75,168.52,170.267,85A_18_cc-0_7984_01.$ls,3.85,4.06,18,3.08,0.806,4.06,17,49.494,62.3298,74.8589,100,100,100,100,100,49.494,50.506,0,
363,U1485,A,19,H,1,1.32,1.32,169,170.32,169,171.639,85A_19_1-0_7985_01.$ls,5.6,5.43,4,3.93,0.889,5.43,39.4,41.6471,52.5976,63.513,86.1082,99.7102,100,100,100,41.6471,58.0631,0.2898,
363,U1485,A,19,H,2,1.43,1.43,170.32,171.75,170.267,173.011,85A_19_2-0_7987_01.$ls,3.07,3.25,4,2.9,0.707,3.25,13.5,56.9178,70.4947,83.8966,100,100,100,100,100,56.9178,43.0822,0,
363,U1485,A,19,H,3,1.43,1.43,171.75,173.18,171.639,174.412,85A_19_3-0_7988_01.$ls,5.67,5.42,46,4.05,0.871,5.42,41.1,42.1445,52.4716,62.7236,84.7076,99.6769,100,100,100,42.1445,57.5324,0.3231,
363,U1485,A,19,H,4,1.46,1.46,173.18,174.64,173.011,175.852,85A_19_4-0_7989_01.$ls,5.58,5.13,50,4.17,0.845,5.13,44.1,43.4206,53.8193,63.4623,83.6173,98.7912,100,100,100,43.4206,55.3706,1.2088,
363,U1485,A,19,H,5,1.5,1.5,174.64,176.14,174.412,177.041,85A_19_5-0_7990_01.$ls,2.87,3.07,4,2.71,0.713,3.07,10.9,59.2571,73.1344,87.6426,100,100,100,100,100,59.2571,40.7429,0,
363,U1485,A,19,H,6,1.24,1.24,176.14,177.38,175.852,178.011,85A_19_6-0_7991_01.$ls,3.46,3.62,16,3.05,0.742,3.62,16,53.1158,65.7392,78.3961,100,100,100,100,100,53.1158,46.8842,0,
363,U1485,A,19,H,7,1.01,1.01,177.38,178.39,177.041,178.5,85A_19_7-0_7992_01.$ls,3.57,3.61,18,3.05,0.785,3.61,16.8,53.297,65.8435,77.46,100,100,100,100,100,53.297,46.703,0,
363,U1485,A,19,H,CC,0.51,0.51,178.39,178.9,178.011,179.21,85A_19_cc-0_7993_01.$ls,3.5,3.54,18,3.04,0.771,3.54,16.7,53.8873,66.6364,78.3916,100,100,100,100,100,53.8873,46.1127,0,
363,U1485,A,20,H,1,0.71,0.71,178.5,179.21,178.5,180.1,85A_20_1-0_7994_01.$ls,3.59,3.69,18,2.99,0.803,3.69,16.6,52.7043,66.0223,78.3975,100,100,100,100,100,52.7043,47.2957,0,
363,U1485,A,20,H,2,0.89,0.89,179.21,180.1,179.21,181.24,85A_20_2-0_7995_01.$ls,2.83,2.97,4,2.68,0.732,2.97,10.7,60.8956,75.1557,88.6752,100,100,100,100,100,60.8956,39.1044,0,
363,U1485,A,20,H,3,1.14,1.14,180.1,181.24,180.1,182.15,85A_20_3-0_7996_01.$ls,3.43,3.43,16,3.08,0.751,3.43,16.5,54.7719,66.8934,78.127,100,100,100,100,100,54.7719,45.2281,0,
363,U1485,A,20,H,4,0.91,0.91,181.24,182.15,181.24,183.52,85A_20_4-0_7997_01.$ls,2.88,3.03,4,2.7,0.727,3.03,11,59.8465,73.5048,87.2413,100,100,100,100,100,59.8465,40.1535,0,
363,U1485,A,20,H,5,1.37,1.37,182.15,183.52,182.15,184.91,85A_20_5-0_7998_01.$ls,5.18,4.75,4,4.08,0.829,4.75,41.1,45.3787,55.8262,65.6954,86.0451,98.9011,100,100,100,45.3787,53.5224,1.0989,
363,U1485,A,20,H,6,1.39,1.39,183.52,184.91,183.52,185.94,85A_20_6-0_7999_01.$ls,5.44,5.41,42,3.88,0.864,5.41,36,42.2969,52.5252,63.1776,87.3165,99.9975,100,100,100,42.2969,57.7006,0.0025,
363,U1485,A,20,H,7,1.03,1.03,184.91,185.94,184.91,186.31,85A_20_7-0_8000_01.$ls,6.38,6.1,50,4.11,0.965,6.1,45.9,39.3645,49.6155,59.795,82.1423,98.6127,100,100,100,39.3645,59.2482,1.3873,
363,U1485,A,20,H,CC,0.37,0.37,185.94,186.31,185.94,189.149,85A_20_cc-0_8001_01.$ls,11.2,13.4,73,4.99,1.17,13.4,78,29.5412,37.2129,45.2835,64.297,81.222,99.9879,100,100,29.5412,51.6808,18.778,
363,U1485,A,21,F,2,1.29,1.29,189.23,190.52,189.149,191.766,85A_21_2-0_8053_01.$ls,5.43,5.35,4,3.26,1.06,5.35,28,41.1115,53.3852,66.3985,91.6838,99.9984,100,100,100,41.1115,58.8869,0.0016,
363,U1485,A,21,F,3,1.51,1.51,190.52,192.03,190.355,192.551,85A_21_3-0_8054_01.$ls,4.83,4.68,4,3.21,0.99,4.68,22.7,45.0701,57.4086,69.9691,93.6718,99.9989,100,100,100,45.0701,54.9288,0.0011,
363,U1485,A,21,F,4,0.84,0.84,192.03,192.87,191.766,192.7,85A_21_4-0_8055_01.$ls,3.88,3.83,16,2.93,0.887,3.83,16.9,51.4117,64.4092,75.69,99.007,100,100,100,100,51.4117,48.5883,0,
363,U1485,A,22,F,1,1.5,1.5,192.7,194.2,192.7,195.373,85A_22_1-0_8057_01.$ls,3.81,2.99,16,2.51,0.824,3.14,10.4,58.6178,73.5086,88.9242,100,100,100,100,100,58.6178,41.3822,0,
363,U1485,A,21,F,CC,0.16,0.16,192.87,193.03,192.551,194.127,85A_21_cc-0_8056_01.$ls,3.81,3.93,16,2.77,0.913,3.93,15.7,50.5775,64.4364,78.2188,100,100,100,100,100,50.5775,49.4225,0,
363,U1485,A,22,F,2,1.31,1.31,194.2,195.51,194.127,196.429,85A_22_2-0_8058_01.$ls,7,7.72,15,3.36,1.22,7.72,33.4,33.305,43.6414,55.9157,88.6651,99.999,100,100,100,33.305,66.694,0.001,
363,U1485,A,22,F,3,1.11,1.11,195.51,196.62,195.373,197.181,85A_22_3-0_8059_01.$ls,18.2,21.8,106,4.41,2.17,21.8,111,18.5119,25.1664,33.9306,58.7206,72.039,94.6285,100,100,18.5119,53.5271,27.961,
363,U1485,A,22,F,4,0.79,0.79,196.62,197.41,196.429,197.4,85A_22_4-0_8062_01.$ls,13.8,17.6,80,4.89,1.35,17.6,82.6,27.2392,34.4572,41.2494,57.1496,75.3319,99.9828,100,100,27.2392,48.0927,24.6681,
363,U1485,A,23,F,1,0.28,0.28,197.4,197.68,197.4,199.09,85A_23_1-0_8064_01.$ls,6.09,5.98,42,3.58,1.05,5.98,36.2,39.7438,50.0818,60.86,87.0333,99.9973,100,100,100,39.7438,60.2535,0.0027,
363,U1485,A,22,F,CC,0.23,0.23,197.41,197.64,197.181,197.68,85A_22_cc-0_8063_01.$ls,4.83,4.44,4,3.44,0.933,4.44,31,46.8934,58.3841,68.5832,90.5681,100,100,100,100,46.8934,53.1066,0,
363,U1485,A,23,F,2,1.41,1.41,197.68,199.09,197.68,200.26,85A_23_2-0_8065_01.$ls,7.16,7.07,50,3.87,1.1,7.07,46.4,36.5768,46.4086,56.761,81.0089,98.5982,100,100,100,36.5768,62.0214,1.4018,
363,U1485,A,23,F,3,1.17,1.17,199.09,200.26,199.09,201.68,85A_23_3-0_8066_01.$ls,4.05,4.11,16,2.92,0.911,4.11,17.2,49.148,61.519,74.0088,99.9991,100,100,100,100,49.148,50.852,0,
363,U1485,A,23,F,4,1.42,1.42,200.26,201.68,200.26,201.81,85A_23_4-0_8067_01.$ls,3.94,3.89,16,3,0.877,3.89,17.7,50.8417,62.8007,74.1442,99.9117,100,100,100,100,50.8417,49.1583,0,
363,U1485,A,23,F,CC,0.13,0.13,201.68,201.81,201.68,203.373,85A_23_cc-0_8068_01.$ls,3.96,4.08,16,2.91,0.887,4.08,16.8,49.3766,61.9144,74.7011,100,100,100,100,100,49.3766,50.6234,0,
363,U1485,A,24,F,1,1.37,1.37,202.1,203.47,202.1,204.682,85A_24_1-0_8069_01.$ls,3.8,3.94,16,2.86,0.871,3.94,16,50.4571,63.1827,76.5169,100,100,100,100,100,50.4571,49.5429,0,
363,U1485,A,24,F,2,1.41,1.41,203.47,204.88,203.373,205.927,85A_24_2-0_8070_01.$ls,4.99,4.95,16,3.28,0.967,4.95,24.6,43.6669,55.5331,67.8148,93.0771,100,100,100,100,43.6669,56.3331,0,
363,U1485,A,24,F,3,1.34,1.34,204.88,206.22,204.682,206.614,85A_24_3-0_8071_01.$ls,4.22,4.39,18,2.95,0.917,4.39,17.6,47.2084,59.2866,72.085,100,100,100,100,100,47.2084,52.7916,0,
363,U1485,A,24,F,4,0.74,0.74,206.22,206.96,205.927,206.8,85A_24_4-0_8072_01.$ls,5.09,4.93,4,3.18,1.05,4.93,25.4,43.2474,56.0736,68.588,92.7222,100,100,100,100,43.2474,56.7526,0,
363,U1485,A,25,F,1,1.55,1.55,206.8,208.35,206.8,209.484,85A_25_1-0_8074_01.$ls,6.2,6.05,15,3.71,1.02,6.05,39.9,39.4703,49.8122,60.7891,85.5059,99.6977,100,100,100,39.4703,60.2274,0.3023,
363,U1485,A,24,F,CC,0.2,0.2,206.96,207.16,206.614,208.302,85A_24_cc-0_8073_01.$ls,3.19,3.42,6,2.61,0.769,3.42,11.7,54.7688,69.9225,86.2087,100,100,100,100,100,54.7688,45.2312,0,
363,U1485,A,25,F,2,1.22,1.22,208.35,209.57,208.302,210.579,85A_25_2-0_8075_01.$ls,5.19,5,4,3.34,1,5,29.1,43.2744,55.1864,67.1503,91.3339,99.9985,100,100,100,43.2744,56.7241,0.0015,
363,U1485,A,25,F,3,1.13,1.13,209.57,210.7,209.484,211.238,85A_25_3-0_8076_01.$ls,5.39,4.91,15,3.78,0.922,4.91,38.6,44.4122,55.0976,65.3302,87.0756,98.1216,100,100,100,44.4122,53.7094,1.8784,
363,U1485,A,25,F,4,0.68,0.68,210.7,211.38,210.579,211.5,85A_25_4-0_8077_01.$ls,3.62,3.67,16,2.82,0.863,3.67,15.7,52.8125,66.0947,78.8609,100,100,100,100,100,52.8125,47.1875,0,
363,U1485,A,25,F,CC,0.27,0.27,211.38,211.65,211.238,212.183,85A_25_cc-0_8078_01.$ls,4.48,4.31,15,3.27,0.901,4.31,21.8,47.729,59.6137,71.1502,93.7175,100,100,100,100,47.729,52.271,0,
363,U1485,A,26,F,1,0.76,0.76,211.5,212.26,211.5,213.432,85A_26_1-0_8079_01.$ls,4,4.03,16,2.95,0.891,4.03,17.3,49.793,62.0171,74.132,99.9983,100,100,100,100,49.793,50.207,0,
363,U1485,A,26,F,2,1.39,1.39,212.26,213.65,212.183,214.753,85A_26_2-0_8080_01.$ls,4.64,4.42,4,3.31,0.926,4.42,24,46.9648,58.925,70.4911,92.923,99.9988,100,100,100,46.9648,53.034,0.0012,
363,U1485,A,26,F,3,1.47,1.47,213.65,215.12,213.432,216.002,85A_26_3-0_8081_01.$ls,4.96,4.76,16,3.41,0.937,4.78,29.9,44.8813,56.2703,67.8873,91.1391,100,100,100,100,44.8813,55.1187,0,
363,U1485,A,26,F,4,1.39,1.39,215.12,216.51,214.753,216.2,85A_26_4-0_8083_01.$ls,4.67,4.55,4,3.23,0.945,4.55,22.4,41.1006,53.3056,66.0623,91.2328,99.9984,100,100,100,41.1006,58.8978,0.0016,
363,U1485,A,27,F,1,1.46,1.46,216.2,217.66,216.2,218.964,85A_27_1-0_8085_01.$ls,4.65,4.55,4,3.08,1,4.55,20.1,45.6827,58.9036,71.8386,94.7727,100,100,100,100,45.6827,54.3173,0,
363,U1485,A,26,F,CC,0.22,0.22,216.51,216.73,216.002,217.572,85A_26_cc-0_8084_01.$ls,4.39,4.22,16,3.02,0.944,4.42,18.4,46.028,58.1905,70.428,93.796,100,100,100,100,46.028,53.972,0,
363,U1485,A,27,F,2,1.48,1.48,217.66,219.14,217.572,220.016,85A_27_2-0_8086_01.$ls,4.55,4.79,18,2.87,1.01,4.79,18,44.2186,57.2355,71.1942,99.9976,100,100,100,100,44.2186,55.7814,0,
363,U1485,A,27,F,3,1.12,1.12,219.14,220.26,218.964,220.684,85A_27_3-0_8087_01.$ls,5.68,5.77,5,3.15,1.14,5.77,26.2,38.3218,51.2555,65.9635,92.2684,99.937,100,100,100,38.3218,61.6152,0.063,
363,U1485,A,27,F,4,0.71,0.71,220.26,220.97,220.016,220.9,85A_27_4-0_8088_01.$ls,4.78,4.68,4,3.21,0.969,4.68,22.1,45.0691,57.5071,70.0547,93.9871,99.9992,100,100,100,45.0691,54.9301,0.0008,
363,U1485,A,28,F,1,1.47,1.47,220.9,222.37,220.9,223.716,85A_28_1-0_8091_01.$ls,4.52,4.43,4,3.15,0.945,4.43,20.4,46.7661,59.4155,71.9271,94.9911,100,100,100,100,46.7661,53.2339,0,
363,U1485,A,27,F,CC,0.23,0.23,220.97,221.2,220.684,222.328,85A_27_cc-0_8089_01.$ls,4.91,4.83,4,3.24,0.975,4.83,24,44.1806,56.517,69.091,93.1091,100,100,100,100,44.1806,55.8194,0,
363,U1485,A,28,F,2,1.43,1.43,222.37,223.8,222.328,224.726,85A_28_2-0_8092_01.$ls,4.12,4.21,16,2.88,0.94,4.21,17.2,48.3255,61.3554,74.4155,99.9991,100,100,100,100,48.3255,51.6745,0,
363,U1485,A,28,F,3,1.04,1.04,223.8,224.84,223.716,225.386,85A_28_3-0_8093_01.$ls,4.59,4.48,4,3.16,0.958,4.48,20.8,46.3301,59.1267,71.5933,94.348,100,100,100,100,46.3301,53.6699,0,
363,U1485,A,28,F,4,0.68,0.68,224.84,225.52,224.726,225.6,85A_28_4-0_8094_01.$ls,3.65,3.85,15,2.65,0.918,3.85,14,51.3159,65.8406,81.255,100,100,100,100,100,51.3159,48.6841,0,
363,U1485,A,28,F,CC,0.22,0.22,225.52,225.74,225.386,226.32,85A_28_cc-0_8095_01.$ls,4.14,4.33,18,2.92,0.91,4.33,17.2,47.6263,59.9882,73.2889,100,100,100,100,100,47.6263,52.3737,0,
363,U1485,A,29,F,1,0.72,0.72,225.6,226.32,225.6,227.05,85A_29_1-0_8096_01.$ls,4.17,4.26,18,2.97,0.911,4.26,17.9,48.0904,59.9956,72.5985,99.995,100,100,100,100,48.0904,51.9096,0,
363,U1485,A,29,F,2,0.73,0.73,226.32,227.05,226.32,228.46,85A_29_2-0_8097_01.$ls,3.85,3.82,16,2.94,0.877,3.82,17.1,51.3987,63.5269,75.3698,99.9984,100,100,100,100,51.3987,48.6013,0,
363,U1485,A,29,F,3,1.31,1.41,227.05,228.46,227.05,229.11,85A_29_3-0_8098_01.$ls,3.89,3.79,16,3.01,0.874,3.79,17.5,51.7203,63.9391,74.915,98.5597,100,100,100,100,51.7203,48.2797,0,
363,U1485,A,29,F,4,0.75,0.65,228.46,229.11,228.46,229.91,85A_29_4-0_8099_01.$ls,4.23,4.16,18,3.05,0.913,4.17,18.7,48.8043,60.0316,71.2225,99.8901,100,100,100,100,48.8043,51.1957,0,
363,U1485,A,29,F,5,0.8,0.8,229.11,229.91,229.11,230.2,85A_29_5-0_8100_01.$ls,5.37,5.33,16,3.39,0.998,5.33,29.1,42.5236,52.9151,64.0617,91.8677,100,100,100,100,42.5236,57.4764,0,
363,U1485,A,29,F,CC,0.29,0.29,229.91,230.2,229.91,231.75,85A_29_cc-0_8101_01.$ls,4.97,4.89,18,3.27,0.966,4.89,22.2,44.4263,55.3857,65.9259,95.1928,100,100,100,100,44.4263,55.5737,0,
363,U1485,A,30,F,1,1.45,1.45,230.3,231.75,230.3,233.22,85A_30_1-0_8102_01.$ls,4.35,4.21,16,3.16,0.909,4.21,19.5,48.3842,60.7108,71.5734,96.2578,100,100,100,100,48.3842,51.6158,0,
363,U1485,A,30,F,2,1.47,1.47,231.75,233.22,231.75,234.05,85A_30_2-0_8104_01.$ls,4.28,4.29,18,2.92,0.966,4.29,17.9,47.826,59.9193,71.9416,100,100,100,100,100,47.826,52.174,0,
363,U1485,A,30,F,3,0.83,0.83,233.22,234.05,233.22,234.6,85A_30_3-0_8105_01.$ls,3.64,3.73,15,2.7,0.912,3.73,14.4,52.3599,65.7392,79.6237,100,100,100,100,100,52.3599,47.6401,0,
363,U1485,A,30,F,4,0.55,0.55,234.05,234.6,234.05,234.82,85A_30_4-0_8106_01.$ls,5.02,5.26,18,2.98,1.06,5.26,20,42.0488,53.6646,66.1317,99.9471,100,100,100,100,42.0488,57.9512,0,
363,U1485,A,30,F,CC,0.22,0.22,234.6,234.82,234.6,236.259,85A_30_cc-0_8107_01.$ls,5.19,5.5,18,3.02,1.07,5.5,20.7,41.1015,52.3625,64.7066,99.725,100,100,100,100,41.1015,58.8985,0,
363,U1485,A,31,F,1,1.38,1.38,235,236.38,235,237.546,85A_31_1-0_8108_01.$ls,5.76,5.51,16,3.64,0.996,5.51,35.1,42.14,51.8955,61.6994,88.1898,99.846,100,100,100,42.14,57.706,0.154,
363,U1485,A,31,F,2,1.41,1.41,236.38,237.79,236.259,238.733,85A_31_2-0_8109_01.$ls,3.3,3.39,12,2.61,0.862,3.39,12,55.4946,68.2427,82.907,100,100,100,100,100,55.4946,44.5054,0,
363,U1485,A,31,F,3,1.3,1.3,237.79,239.09,237.546,239.435,85A_31_3-0_8110_01.$ls,5.93,5.61,15,3.81,0.971,5.61,38.3,42.2218,51.3555,60.3543,86.2597,99.3573,100,100,100,42.2218,57.1355,0.6427,
363,U1485,A,31,F,4,0.77,0.77,239.09,239.86,238.733,239.7,85A_31_4-0_8111_01.$ls,6.18,6.01,16,3.64,1.06,6.01,37,40.2262,49.958,59.7969,86.8328,99.8116,100,100,100,40.2262,59.5854,0.1884,
363,U1485,A,32,F,1,1.4,1.4,239.7,241.1,239.7,242.298,85A_32_1-0_8113_01.$ls,4.67,4.59,15,3.2,0.95,4.59,21.3,45.8428,57.7923,69.9857,94.6687,100,100,100,100,45.8428,54.1572,0,
363,U1485,A,31,F,CC,0.29,0.29,239.86,240.15,239.435,241.008,85A_31_cc-0_8112_01.$ls,6.11,6.16,16,3.47,1.09,6.16,33.3,39.1683,49.3405,60.2033,89.0911,99.9983,100,100,100,39.1683,60.83,0.0017,
363,U1485,A,32,F,2,1.38,1.38,241.1,242.48,241.008,243.447,85A_32_2-0_8115_01.$ls,3.71,3.74,16,2.87,0.864,3.74,16.1,52.2066,65.3565,77.0357,100,100,100,100,100,52.2066,47.7934,0,
363,U1485,A,32,F,3,1.23,1.23,242.48,243.71,242.298,243.821,85A_32_3-0_8116_01.$ls,3.91,3.9,16,2.83,0.93,3.9,16.5,50.8519,64.1616,76.1417,100,100,100,100,100,50.8519,49.1481,0,
363,U1485,A,32,F,4,0.4,0.4,243.71,244.11,243.447,244.4,85A_32_4-0_8117_01.$ls,3.83,3.93,16,2.74,0.937,3.93,15.6,50.6322,64.6363,78.3518,100,100,100,100,100,50.6322,49.3678,0,
363,U1485,A,32,F,CC,0.62,0.62,244.11,244.73,243.821,245.6,85A_32_cc-0_8118_01.$ls,5.09,5.06,4,2.93,1.17,5.06,20,41.6345,55.8721,70.603,94.9225,100,100,100,100,41.6345,58.3655,0,
363,U1485,A,33,F,1,1.33,1.33,244.4,245.73,244.4,246.809,85A_33_1-0_8119_01.$ls,3.77,3.84,16,2.91,0.854,3.84,16.4,51.2637,64.2392,76.2719,100,100,100,100,100,51.2637,48.7363,0,
363,U1485,A,33,F,2,1.34,1.34,245.73,247.07,245.6,247.936,85A_33_2-0_8120_01.$ls,3.81,3.83,16,2.78,0.925,3.83,16.1,51.5184,65.4467,78.0018,100,100,100,100,100,51.5184,48.4816,0,
363,U1485,A,33,F,3,1.25,1.25,247.07,248.32,246.809,248.811,85A_33_3-0_8121_01.$ls,3.77,3.79,16,2.82,0.899,3.79,16.1,51.8451,65.1964,77.5798,100,100,100,100,100,51.8451,48.1549,0,
363,U1485,A,33,F,4,0.97,0.97,248.32,249.29,247.936,249.1,85A_33_4-0_8122_01.$ls,3.65,3.63,16,2.82,0.885,3.63,16.1,53.2457,66.5024,78.785,100,100,100,100,100,53.2457,46.7543,0,
363,U1485,A,34,F,1,1.45,1.45,249.1,250.55,249.1,251.61,85A_34_1-0_8124_01.$ls,3.68,3.71,16,2.79,0.895,3.71,15.7,52.5437,66.0194,78.8516,100,100,100,100,100,52.5437,47.4563,0,
363,U1485,A,33,F,CC,0.32,0.32,249.29,249.61,248.811,250.355,85A_33_cc-0_8123_01.$ls,4.19,4.33,16,2.72,1.02,4.33,16.4,47.1153,61.5633,75.9147,100,100,100,100,100,47.1153,52.8847,0,
363,U1485,A,34,F,2,1.45,1.45,250.55,252,250.355,252.701,85A_34_2-0_8125_01.$ls,3.31,3.28,16,2.74,0.844,3.28,14.8,56.8883,70.6155,82.6409,100,100,100,100,100,56.8883,43.1117,0,
363,U1485,A,34,F,3,1.26,1.26,252,253.26,251.61,253.515,85A_34_3-0_8126_01.$ls,3.45,3.46,4,2.74,0.861,3.46,14.8,55.2969,69.5858,80.961,100,100,100,100,100,55.2969,44.7031,0,
363,U1485,A,34,F,4,0.94,0.94,253.26,254.2,252.701,253.8,85A_34_4-0_8127_01.$ls,3.71,3.72,16,2.77,0.916,3.72,16,52.5862,66.5256,79.1324,100,100,100,100,100,52.5862,47.4138,0,
363,U1485,A,35,F,1,0.26,0.26,253.8,254.06,253.8,255.262,85A_35_1-0_8129_01.$ls,3.86,3.92,16,2.78,0.93,3.92,16,50.7155,64.6596,77.5946,100,100,100,100,100,50.7155,49.2845,0,
363,U1485,A,35,F,2,1.37,1.37,254.06,255.43,254.033,256.329,85A_35_2-0_8130_01.$ls,4.13,4.23,16,2.76,0.995,4.23,16.5,47.9849,62.3341,75.9668,99.9997,100,100,100,100,47.9849,52.0151,0,
363,U1485,A,34,F,CC,0.33,0.33,254.2,254.53,253.515,254.033,85A_34_cc-0_8128_01.$ls,4.2,4.33,4,2.66,1.06,4.33,16,46.9172,62.2537,77.1105,100,100,100,100,100,46.9172,53.0828,0,
363,U1485,A,35,F,3,1.19,1.19,255.43,256.62,255.262,257.576,85A_35_3-0_8131_01.$ls,3.91,3.99,16,2.83,0.911,3.99,16.3,50.0484,63.4535,76.3529,100,100,100,100,100,50.0484,49.9516,0,
363,U1485,A,35,F,4,1.39,1.39,256.62,258.01,256.329,258.249,85A_35_4-0_8132_01.$ls,3.79,3.89,16,2.74,0.927,3.89,15.6,50.9848,64.9675,78.6936,100,100,100,100,100,50.9848,49.0152,0,
363,U1485,A,35,F,5,0.75,0.75,258.01,258.76,257.576,258.5,85A_35_5-0_8133_01.$ls,4.13,4.24,16,2.75,0.993,4.24,16.4,47.9227,61.9975,75.8052,100,100,100,100,100,47.9227,52.0773,0,
363,U1485,A,36,F,1,0.21,0.21,258.5,258.71,258.5,259.891,85A_36_1-0_8135_01.$ls,4.62,4.92,16,2.8,1.05,4.92,17.4,43.1067,56.6233,71.4556,99.9987,100,100,100,100,43.1067,56.8933,0,
363,U1485,A,36,F,2,1.32,1.32,258.71,260.03,258.691,261.118,85A_36_2-0_8136_01.$ls,4.63,4.88,18,2.88,1.01,4.88,18.1,43.6759,56.4493,70.239,99.9968,100,100,100,100,43.6759,56.3241,0,
363,U1485,A,35,F,CC,0.28,0.28,258.76,259.04,258.249,258.691,85A_35_cc-0_8134_01.$ls,4.36,4.55,16,2.72,1.05,4.55,16.6,45.3803,59.7694,74.517,100,100,100,100,100,45.3803,54.6197,0,
363,U1485,A,36,F,3,1.25,1.35,260.03,261.38,259.891,262.336,85A_36_3-0_8137_01.$ls,4.05,4.13,16,2.77,0.969,4.13,16.4,48.8516,62.8854,76.2962,100,100,100,100,100,48.8516,51.1484,0,
363,U1485,A,36,F,4,1.34,1.34,261.38,262.72,261.118,262.973,85A_36_4-0_8138_01.$ls,4,4.12,16,2.88,0.908,4.12,16.7,49.06,61.8979,74.9837,100,100,100,100,100,49.06,50.94,0,
363,U1485,A,36,F,5,0.7,0.7,262.72,263.42,262.336,263.2,85A_36_5-0_8139_01.$ls,4.15,4.36,18,2.89,0.918,4.36,16.9,47.3171,60.0464,73.6378,100,100,100,100,100,47.3171,52.6829,0,
363,U1485,A,37,F,1,1.25,1.25,263.2,264.45,263.2,265.773,85A_37_1-0_8141_01.$ls,4.22,4.47,16,2.9,0.925,4.47,17,46.5879,59.0891,72.695,100,100,100,100,100,46.5879,53.4121,0,
363,U1485,A,36,F,CC,0.25,0.25,263.42,263.67,262.973,264.387,85A_36_cc-0_8140_01.$ls,4.22,4.56,16,2.71,1.01,4.46,16,46.1828,60.4347,75.5307,100,100,100,100,100,46.1828,53.8172,0,
363,U1485,A,37,F,2,1.46,1.46,264.45,265.91,264.387,266.96,85A_37_2-0_8142_01.$ls,4.49,4.68,16,2.85,1.01,4.68,17.6,44.8824,57.8367,71.5997,99.9983,100,100,100,100,44.8824,55.1176,0,
363,U1485,A,37,F,3,1.25,1.25,265.91,267.16,265.773,267.606,85A_37_3-0_8143_01.$ls,4.82,4.88,15,3.22,0.95,4.88,21.6,44.102,56.0484,68.8934,94.547,99.9993,100,100,100,44.102,55.8973,0.0007,
363,U1485,A,37,F,4,0.68,0.68,267.16,267.84,266.96,267.9,85A_37_4-0_8144_01.$ls,4.25,4.44,16,2.87,0.95,4.44,17,46.7191,59.3643,72.7587,100,100,100,100,100,46.7191,53.2809,0,
363,U1485,A,37,F,CC,0.31,0.31,267.84,268.15,267.606,269.175,85A_37_cc-0_8145_01.$ls,5.36,5.48,15,3.13,1.09,5.48,23.7,40.3364,52.7436,66.5887,93.8893,100,100,100,100,40.3364,59.6636,0,
363,U1485,A,38,F,1,1.47,1.47,267.9,269.37,267.9,270.424,85A_38_1-0_8146_01.$ls,4.82,4.92,15,3.16,0.967,4.92,20.8,43.7463,55.8844,69.1619,95.0282,100,100,100,100,43.7463,56.2537,0,
363,U1485,A,38,F,2,1.44,1.44,269.37,270.81,269.175,271.508,85A_38_2-0_8147_01.$ls,4.26,4.49,16,2.9,0.934,4.49,17,46.4835,58.7525,72.2558,100,100,100,100,100,46.4835,53.5165,0,
363,U1485,A,38,F,3,1.25,1.25,270.81,272.06,270.424,272.201,85A_38_3-0_8148_01.$ls,4.94,5.32,16,2.92,1.05,5.32,19,41.3275,53.6325,67.6494,99.8609,100,100,100,100,41.3275,58.6725,0,
363,U1485,A,38,F,4,0.8,0.8,272.06,272.86,271.508,272.6,85A_38_4-0_8149_01.$ls,4.98,4.99,4,3.12,1.02,4.99,21.6,42.8595,55.7416,69.3757,94.3682,99.9993,100,100,100,42.8595,57.1398,0.0007,
363,U1485,A,39,F,1,1.51,1.51,272.6,274.11,272.6,275.08,85A_39_1-0_8151_01.$ls,4.17,4.28,16,2.92,0.925,4.27,17.5,47.8666,60.6062,73.5064,99.9461,100,100,100,100,47.8666,52.1334,0,
363,U1485,A,38,F,CC,0.46,0.46,272.86,273.32,272.201,273.957,85A_38_cc-0_8150_01.$ls,4.2,4.4,16,2.88,0.935,4.4,17,47.0173,59.7789,73.1861,100,100,100,100,100,47.0173,52.9827,0,
363,U1485,A,39,F,2,1.25,1.25,274.11,275.36,273.957,276.402,85A_39_2-0_8152_01.$ls,4.47,4.72,16,2.93,0.962,4.72,17.9,44.9352,57.1845,70.6345,99.9953,100,100,100,100,44.9352,55.0648,0,
363,U1485,A,39,F,3,1.47,1.47,275.36,276.83,275.08,277.058,85A_39_3-0_8153_01.$ls,5.03,5.17,15,3.24,0.963,5.17,22.7,42.4897,54.2955,67.4152,94.1402,99.9993,100,100,100,42.4897,57.5096,0.0007,
363,U1485,A,39,F,4,0.73,0.73,276.83,277.56,276.402,277.3,85A_39_4-0_8154_01.$ls,4.53,4.8,16,2.92,0.975,4.8,18,44.4811,56.6261,70.1254,99.9973,100,100,100,100,44.4811,55.5189,0,
363,U1485,A,40,F,1,1.41,1.41,277.3,278.71,277.3,279.72,85A_40_1-0_8156_01.$ls,4.6,4.89,16,2.89,1,4.89,18,43.8445,56.2477,70.0078,99.9975,100,100,100,100,43.8445,56.1555,0,
363,U1485,A,39,F,CC,0.27,0.27,277.56,277.83,277.058,278.541,85A_39_cc-0_8155_01.$ls,4.62,4.91,16,2.94,0.985,4.91,18.3,43.8632,55.906,69.4424,99.9868,100,100,100,100,43.8632,56.1368,0,
363,U1485,A,40,F,2,1.34,1.34,278.71,280.05,278.541,280.996,85A_40_2-0_8157_01.$ls,4.69,4.97,16,2.88,1.03,4.97,18.2,43.201,55.8429,69.7845,99.9902,100,100,100,100,43.201,56.799,0,
363,U1485,A,40,F,3,1.45,1.45,280.05,281.5,279.72,281.63,85A_40_3-0_8158_01.$ls,4.06,4.2,16,2.79,0.952,4.2,16.4,48.2998,62.2334,75.9988,100,100,100,100,100,48.2998,51.7002,0,
363,U1485,A,40,F,4,0.72,0.72,281.5,282.22,280.996,282,85A_40_4-0_8159_01.$ls,4.08,4.19,16,2.82,0.947,4.19,16.6,48.4118,62.0813,75.3688,100,100,100,100,100,48.4118,51.5882,0,
363,U1485,A,41,F,1,1.51,1.51,282,283.51,282,284.532,85A_41_1-0_8161_01.$ls,4.48,4.75,16,2.81,1.02,4.75,17.1,44.3145,57.611,72.0012,100,100,100,100,100,44.3145,55.6855,0,
363,U1485,A,40,F,CC,0.42,0.42,282.22,282.64,281.63,283.309,85A_40_cc-0_8160_01.$ls,3.96,4.09,16,2.81,0.926,4.08,16.3,49.2806,63.0342,76.4699,100,100,100,100,100,49.2806,50.7194,0,
363,U1485,A,41,F,2,1.41,1.41,283.51,284.92,283.309,285.833,85A_41_2-0_8162_01.$ls,4.2,4.5,16,2.77,0.968,4.5,16.1,46.0771,59.7038,74.6681,100,100,100,100,100,46.0771,53.9229,0,
363,U1485,A,41,F,3,1.5,1.5,284.92,286.42,284.532,286.44,85A_41_3-0_8163_01.$ls,4.5,4.77,16,2.85,1,4.77,17.4,44.3956,57.2437,71.3269,100,100,100,100,100,44.3956,55.6044,0,
363,U1485,A,41,F,4,0.7,0.7,286.42,287.12,285.833,286.7,85A_41_4-0_8164_01.$ls,4.57,4.85,16,2.86,1.01,4.85,17.7,43.8343,56.7534,70.8713,99.9981,100,100,100,100,43.8343,56.1657,0,
363,U1485,A,42,F,1,0.17,0.17,286.7,286.87,286.7,288.114,85A_42_1-0_8166_01.$ls,4.42,4.61,16,2.89,0.975,4.61,17.7,45.4072,58.4423,72.0453,99.9557,100,100,100,100,45.4072,54.5928,0,
363,U1485,A,42,F,2,1.41,1.41,286.87,288.28,286.852,289.323,85A_42_2-0_8167_01.$ls,4.44,4.41,15,3.13,0.925,4.41,19.3,46.9366,59.4106,72.0169,95.4524,100,100,100,100,46.9366,53.0634,0,
363,U1485,A,41,F,CC,0.3,0.3,287.12,287.42,286.44,286.852,85A_41_cc-0_8165_01.$ls,4.63,4.94,16,2.86,1.02,4.94,17.8,,,,,,,,,,,,
363,U1485,A,42,F,3,1.35,1.35,288.28,289.63,288.114,290.612,85A_42_3-0_8168_01.$ls,4.67,4.62,4,3.15,0.963,4.62,20.5,45.4083,58.0767,70.8326,94.5944,100,100,100,100,45.4083,54.5917,0,
363,U1485,A,42,F,4,1.44,1.44,289.63,291.07,289.323,291.194,85A_42_4-0_8169_01.$ls,4.52,4.79,16,2.88,0.988,4.79,17.7,44.319,57.057,70.9528,99.9981,100,100,100,100,44.319,55.681,0,
363,U1485,A,43,F,1,0.88,0.88,291.4,292.28,291.4,293.027,85A_43_1-0_8172_01.$ls,4.16,4.27,16,2.94,0.915,4.27,17.5,47.9133,60.7943,73.5061,99.9127,100,100,100,100,47.9133,52.0867,0,
363,U1485,A,42,F,CC,0.23,0.23,291.72,291.95,291.194,292.191,85A_42_cc-0_8171_01.$ls,4.33,4.47,16,2.9,0.962,4.47,17.7,46.4509,59.2885,72.3813,99.9562,100,100,100,100,46.4509,53.5491,0,
363,U1485,A,43,F,2,0.93,0.93,292.28,293.21,292.191,294.249,85A_43_2-0_8173_01.$ls,4.23,4.39,16,2.85,0.958,4.39,17.1,46.8977,60.363,73.9063,99.9988,100,100,100,100,46.8977,53.1023,0,
363,U1485,A,43,F,3,1.36,1.36,293.21,294.57,293.027,295.327,85A_43_3-0_8174_01.$ls,4.2,4.35,16,2.87,0.94,4.35,17,47.2356,60.3462,73.5177,99.9997,100,100,100,100,47.2356,52.7644,0,
363,U1485,A,43,F,4,1.2,1.2,294.57,295.77,294.249,295.92,85A_43_4-0_8175_01.$ls,4.69,5.01,16,2.87,1.02,5.01,18,42.9451,55.6172,69.6829,99.9976,100,100,100,100,42.9451,57.0549,0,
363,U1485,A,43,F,5,0.66,0.66,295.77,296.43,295.327,296.1,85A_43_5-0_8176_01.$ls,4.26,4.5,16,2.87,0.947,4.5,16.9,46.2979,58.9849,72.7612,100,100,100,100,100,46.2979,53.7021,0,
363,U1485,A,44,F,1,1.49,1.49,296.1,297.59,296.1,299.01,85A_44_1-0_8178_01.$ls,4.72,4.74,15,3.17,0.951,4.74,20.6,44.6458,57.1984,70.3733,94.6445,99.9993,100,100,100,44.6458,55.3535,0.0007,
363,U1485,A,43,F,CC,0.2,0.2,296.43,296.63,295.92,297.59,85A_43_cc-0_8177_01.$ls,4.8,5.19,16,2.89,1.03,5.19,18.3,41.9833,54.4151,68.6954,99.9902,100,100,100,100,41.9833,58.0167,0,
363,U1485,A,44,F,2,1.42,1.42,297.59,299.01,297.59,299.91,85A_44_2-0_8179_01.$ls,4.02,4.23,16,2.78,0.937,4.23,16,48.1405,61.7309,76.0435,100,100,100,100,100,48.1405,51.8595,0,
363,U1485,A,44,F,3,0.9,0.9,299.01,299.91,299.01,300.45,85A_44_3-0_8180_01.$ls,4.22,4.44,16,2.86,0.945,4.44,16.9,46.6798,59.7129,73.3987,100,100,100,100,100,46.6798,53.3202,0,
363,U1485,A,44,F,4,0.54,0.54,299.91,300.45,299.91,300.8,85A_44_4-0_8181_01.$ls,4.19,4.36,18,2.85,0.949,4.36,16.9,47.1776,60.2572,73.8811,100,100,100,100,100,47.1776,52.8224,0,
363,U1485,A,44,F,CC,0.35,0.35,300.45,300.8,300.45,,85A_44_cc-0_8182_01.$ls,4.36,4.55,16,2.84,0.987,4.55,17.2,45.6803,59.1203,73.058,99.9985,100,100,100,100,45.6803,54.3197,0,
